Metric,Value
RMSE,2.480151793460921
R2,0.9154912739490347
