Metric,Value
RMSE,4.509374631559293
R2,0.7463032801896219
