Metric,Value
RMSE,497.86413807941176
R2,0.9832528801348439
