Metric,Value
RMSE,349.13445637114216
R2,0.9917642365658154
